Record_ID,Paper_ID,Title,Authors,Year,Publication_Source,DOI_or_URL,Publication_Type,Abstract,Keywords,Thematic_Tags,RMP_Themes,RMP_Spatial_Themes,Method_Tags,Results_Summary,Data_Availability,Objective_I,Objective_II,Objective_III,Objective_IV,Objective_V,Objective_VI,Objective_VII,Objective_VIII,Objective_IX,Objective_X,Objective_XI,Management_zones,CCAMLR_Area,Monitoring_areas,Named_Features,Coordinates_Info,WKT_Geometry,Data_location,Research_start_date,Research_end_date,Temporal_Scale,Spatial_Scale,Proposing_party,Project_status,Funding_Source,Species_List,Primary_contact,CCAMLR_Objectives_Text
SYNTH_0001,SYN_001,Krill biomass distribution patterns in Antarctic marine ecosystems,Johnson AS; Williams BC; Chen DL,2018,Marine Ecology Progress Series,10.3354/meps12345,Journal article,"Antarctic krill (Euphausia superba) populations represent a critical component of Southern Ocean ecosystems. This study analyzed krill biomass distribution using acoustic surveys across multiple seasons from 2016-2017. We observed significant spatial heterogeneity with highest concentrations in polynya regions during summer months. Krill swarms showed strong associations with ice edge dynamics and water mass boundaries. Mean biomass estimates ranged from 2.1 to 15.7 g/m² across sampling stations.",Krill; Antarctic; Biomass; Acoustics; Southern Ocean; Marine ecology,6,6: Krill & silverfish population trends,Continental shelf/slope (GPZ/SRZ),Acoustic Methods; Field Sampling; Survey/Census,Quantified krill biomass distribution and seasonal patterns,Public (See article),1,0,1,0,1,1,0,1,0,0,0,GPZ,88.1,Marine Protected Area,"Antarctic Peninsula, Polynya Region",-76.5 -178.2,"POLYGON ((-76.0 -179.0, -76.0 -177.0, -77.0 -177.0, -77.0 -179.0, -76.0 -179.0))",See article,2016,2017,Multi-year,Zone-wide,USA,Complete,NSF; ANT,Euphausia superba,johnson@university.edu,"(i) conserve natural ecological structure | (iii) promote research | (v) large-scale ecosystem processes/areas | (vi) trophically dominant pelagic prey species | (viii) coastal/localized areas of particular ecosystem importance"
SYNTH_0002,SYN_002,Population genetics reveal connectivity across marine management zones,Martinez EF; Taylor GH; Anderson IJ,2019,Molecular Ecology,10.1111/mec.15432,Journal article,"Population genetic structure of Antarctic toothfish (Dissostichus mawsoni) was examined using microsatellite markers from samples collected across marine protected areas. Analysis of 347 individuals from 12 locations revealed significant population structure between northern seamounts and continental shelf populations. Gene flow patterns suggest larval dispersal connects research zone populations with those in protection zones. These findings have important implications for fisheries management and MPA design.",Population genetics; Toothfish; Antarctic; Fisheries; Marine Protected Area; Gene flow,8,8: Toothfish & predator distributions,Entire RSR,Genomic/Molecular; Field Sampling; Statistical Analysis,Identified population genetic structure and connectivity patterns,Restricted (Contact authors),1,1,1,1,0,0,0,1,1,0,0,GPZ SRZ,88.1,Marine Research Zone,"Continental Shelf, Seamounts, Research Zone",-77.2 -165.8,"POLYGON ((-76.5 -167.0, -76.5 -164.0, -78.0 -164.0, -78.0 -167.0, -76.5 -167.0))",Contact corresponding author,2017,2019,Multi-year,RSRMPA-wide,New Zealand,Complete,NIWA; Antarctic Research,Dissostichus mawsoni,martinez@niwa.co.nz,"(i) conserve natural ecological structure | (ii) scientific reference areas | (iii) promote research | (iv) representativeness of benthic and pelagic environments | (viii) coastal/localized areas of particular ecosystem importance | (ix) toothfish life cycle areas"
SYNTH_0003,SYN_003,Ice algae production supports early life stages of Antarctic silverfish,Lee KL; Robinson MN; Clark OP,2020,Polar Biology,10.1007/s00300-020-02678,Journal article,"Under-ice algal communities provide critical food resources for Antarctic silverfish (Pleuragramma antarcticum) larvae and juveniles in polar marine systems. Field sampling and laboratory feeding experiments demonstrated that ice algae contribute up to 67% of larval silverfish diet during winter months. Growth rates of juveniles fed ice algae were 23% higher than those fed phytoplankton-only diets. Results highlight the importance of sea ice habitat for silverfish recruitment success.",Antarctic silverfish; Ice algae; Recruitment; Sea ice; Larvae; Feeding ecology,12,12: Silverfish spawning & nursery factors,Continental shelf/slope (GPZ/SRZ),Field Sampling; Laboratory Analysis; Experimental,Demonstrated critical role of ice algae in silverfish early life stages,Public (Repository),1,1,1,0,0,1,0,1,0,0,0,GPZ,88.1,Marine Sound Research Area,"Marine Sound, Ice Edge, Northern Bay",-77.8 -166.7,"POLYGON ((-77.5 -167.5, -77.5 -165.5, -78.5 -165.5, -78.5 -167.5, -77.5 -167.5))",Data repository link provided,2018,2020,Multi-year,Zone-wide,Italy,Complete,PNRA; EU FP7,Pleuragramma antarcticum,lee@ogs.trieste.it,"(i) conserve natural ecological structure | (ii) scientific reference areas | (iii) promote research | (vi) trophically dominant pelagic prey species | (viii) coastal/localized areas of particular ecosystem importance"
SYNTH_0004,SYN_004,Penguin foraging behavior reveals marine productivity hotspots,Brown QR; Davis ST; Evans UV,2017,Animal Behaviour,10.1016/j.anbehav.2017.08.012,Journal article,"GPS tracking of 45 Adelie penguins (Pygoscelis adeliae) from Antarctic breeding sites revealed consistent foraging patterns targeting specific marine productivity zones. Penguins traveled up to 120 km from breeding colonies to access krill aggregations along the continental shelf break. Dive depth analysis showed 78% of foraging occurred between 40-80m depth, coinciding with deep water interfaces. These results identify critical foraging areas requiring protection.",Adelie penguin; Foraging behavior; GPS tracking; Antarctica; Marine productivity; Continental shelf,17,17: Seal & penguin foraging movements,Continental shelf/slope (GPZ/SRZ),Field Sampling; Tagging/Tracking; Statistical Analysis,Mapped critical penguin foraging areas and identified productivity hotspots,Public (See article),1,0,1,0,0,0,1,1,0,0,0,GPZ,88.1,Northern Bay Research Area,"Northern Bay, Continental Shelf Break",-74.7 -164.1,"POLYGON ((-74.5 -165.0, -74.5 -163.0, -75.5 -163.0, -75.5 -165.0, -74.5 -165.0))",See article,2015,2016,Multi-year,Zone-wide,Italy,Complete,PNRA,Pygoscelis adeliae,brown@univ.it,"(i) conserve natural ecological structure | (iii) promote research | (vii) key top predator foraging distributions | (viii) coastal/localized areas of particular ecosystem importance"
SYNTH_0005,SYN_005,Climate-driven changes in polynya formation and persistence,Thompson WX; Miller YZ; Garcia AB,2021,Journal of Climate,10.1175/JCLI-D-20-0845.1,Journal article,"Analysis of satellite data from 1979-2020 reveals significant changes in polynya dynamics in Antarctic marine systems. Polynya formation now occurs 12 days earlier and persists 18 days longer compared to the 1980s baseline. These changes are linked to strengthening katabatic winds and shifting atmospheric patterns. Modeling suggests continued expansion of ice-free periods under warming scenarios, with implications for marine ecosystem productivity and carbon cycling.",Polynya; Climate change; Sea ice; Antarctica; Satellite data,2,2: Physical & biological habitat changes,Entire RSR,Remote Sensing; Modeling; Statistical Analysis,Documented long-term changes in polynya dynamics and climate drivers,Public (Satellite data),0,1,1,0,1,0,0,0,0,0,1,GPZ,88.1,Marine Polynya Region,"Marine Polynya, Research Sound",-76.0 -178.5,"POLYGON ((-75.5 -180.0, -75.5 -177.0, -77.0 -177.0, -77.0 -180.0, -75.5 -180.0))",Publicly available satellite datasets,1979,2020,Decadal,RSRMPA-wide,USA,Complete,NASA; NOAA,Physical/Chemical study,thompson@nasa.gov,"(ii) scientific reference areas | (iii) promote research | (v) large-scale ecosystem processes/areas | (xi) climate change reference"
SYNTH_0006,SYN_006,Benthic community structure on Antarctic seamounts: endemic species discoveries,Wilson CD; Jackson EF; Ahmed GH,2018,Deep Sea Research Part I,10.1016/j.dsr.2018.05.003,Journal article,"ROV surveys of Antarctic seamounts (depth 400-1200m) documented rich benthic communities including 23 previously unknown species. Endemic species comprised 34% of the macro-invertebrate fauna, with particularly high diversity among hexactinellid sponges and stylasterid corals. Community composition differed significantly from continental shelf assemblages, supporting seamount biogeographic distinctiveness. Results emphasize the conservation value of seamount habitats within marine protected areas.",Seamount; Benthic ecology; Endemic species; ROV; Deep sea; Biodiversity,26,26: Endemic benthos on seamounts,Seamounts/Northern RSR,Field Sampling; ROV Operations; Taxonomic Analysis,Documented endemic benthic fauna and seamount biogeographic distinctiveness,Public (See article),1,1,1,1,0,0,0,0,0,1,0,GPZ SRZ,88.1,Northern Seamount Area,"Northern Seamount, Marine Research Zone",-72.1 -174.3,"POLYGON ((-71.8 -175.0, -71.8 -173.5, -72.5 -173.5, -72.5 -175.0, -71.8 -175.0))",See article,2016,2017,Multi-year,Zone-wide,USA,Complete,NSF; NOAA,Hexactinellida; Stylasteridae,wilson@whoi.edu,"(i) conserve natural ecological structure | (ii) scientific reference areas | (iii) promote research | (iv) representativeness of benthic and pelagic environments | (x) rare or vulnerable marine habitats"
SYNTH_0007,SYN_007,Krill fishing impacts on predator populations in marine research zones,Kumar IJ; Petersen KL; Nakamura MN,2019,Fisheries Oceanography,10.1111/fog.12456,Journal article,"Analysis of predator abundance and krill fishing effort in marine research zones from 2010-2018 shows negative correlations between fishing intensity and Adelie penguin breeding success. Penguin colonies within 50km of high fishing effort areas showed 23% lower chick fledging rates. Crabeater seal populations also declined in areas of intensive krill harvesting. Results suggest need for spatial-temporal fishing restrictions to protect predator foraging areas.",Krill fishing; Predator interactions; Adelie penguin; Crabeater seal; Fisheries management; Antarctica,7,7: Prey availability effects on predators,KRZ/Northwestern RSR,Field Sampling; Fisheries Data; Statistical Analysis,Demonstrated negative impacts of krill fishing on marine predators,Public (Fisheries reports),1,0,1,0,0,1,1,1,0,0,0,GPZ KRZ,88.1,Northwestern Marine Zone,"Krill Research Zone, Northwestern Marine Area",-73.2 -176.8,"POLYGON ((-72.8 -178.0, -72.8 -175.5, -74.0 -175.5, -74.0 -178.0, -72.8 -178.0))",Fisheries database,2010,2018,Multi-year,Zone-wide,Multiple,Complete,CCAMLR; National programs,Euphausia superba; Pygoscelis adeliae; Lobodon carcinophaga,kumar@ccamlr.org,"(i) conserve natural ecological structure | (iii) promote research | (vi) trophically dominant pelagic prey species | (vii) key top predator foraging distributions | (viii) coastal/localized areas of particular ecosystem importance"
SYNTH_0008,SYN_008,Ocean acidification effects on Antarctic pteropod shell formation,Rodriguez OP; Singh QR; Taylor ST,2020,Global Change Biology,10.1111/gcb.15234,Journal article,"Laboratory and field studies examined ocean acidification impacts on the Antarctic pteropod Limacina helicina antarctica in marine waters. Shell dissolution rates increased by 35% under projected 2050 CO2 levels. Field populations showed 15% thinner shells in areas with naturally elevated CO2. Reduced shell integrity affects pteropod survival and their role as prey for fish and seabirds. Results highlight vulnerability of calcifying organisms to changing ocean chemistry.",Ocean acidification; Pteropod; Shell dissolution; Climate change; Calcification; Antarctica,2,2: Physical & biological habitat changes,Entire RSR,Laboratory Analysis; Field Sampling; Experimental,Quantified ocean acidification impacts on pteropod calcification,Public (See article),1,0,1,0,1,0,0,0,0,0,1,GPZ,88.1,Western Marine Zone,"Western Marine Area, Central Marine Zone",-75.8 -172.4,"POLYGON ((-75.5 -174.0, -75.5 -170.5, -76.5 -170.5, -76.5 -174.0, -75.5 -174.0))",See article,2017,2019,Multi-year,Zone-wide,Norway,Complete,Research Council of Norway,Limacina helicina antarctica,rodriguez@unis.no,"(i) conserve natural ecological structure | (iii) promote research | (v) large-scale ecosystem processes/areas | (xi) climate change reference"
SYNTH_0009,SYN_009,Microbial diversity in Antarctic sea ice: novel psychrophilic bacteria,Chen UV; O'Brien WX; Patel YZ,2018,Environmental Microbiology,10.1111/1462-2920.14278,Journal article,"Metagenomic analysis of Antarctic sea ice revealed exceptionally diverse bacterial communities including 47 previously unknown psychrophilic species. Dominant taxa included Flavobacteriaceae and Rhodobacteraceae families adapted to sub-zero temperatures. Novel cold-shock proteins and antifreeze compounds were identified with potential biotechnology applications. Sea ice bacterial production contributes significantly to under-ice food webs supporting higher trophic levels.",Sea ice; Psychrophilic bacteria; Metagenomics; Microbial diversity; Antarctica; Cold adaptation,3,3: Functional ecology processes,Continental shelf/slope (GPZ/SRZ),Genomic/Molecular; Laboratory Analysis; Field Sampling,Characterized diverse psychrophilic bacterial communities and novel adaptations,Public (GenBank),1,0,1,1,1,0,0,1,0,0,0,GPZ,88.1,Marine Sound Research Zone,"Marine Sound, Research Bay, Sea Ice",-77.6 -166.1,"POLYGON ((-77.3 -167.0, -77.3 -165.0, -78.0 -165.0, -78.0 -167.0, -77.3 -167.0))",GenBank accession numbers provided,2016,2017,Multi-year,Zone-wide,Australia,Complete,Australian Antarctic Division,Flavobacteriaceae; Rhodobacteraceae,chen@aad.gov.au,"(i) conserve natural ecological structure | (iii) promote research | (iv) representativeness of benthic and pelagic environments | (v) large-scale ecosystem processes/areas | (viii) coastal/localized areas of particular ecosystem importance"
SYNTH_0010,SYN_010,Whale distribution patterns reveal important feeding areas,Anderson AB; Kim CD; Lopez EF,2017,Marine Mammal Science,10.1111/mms.12445,Journal article,"Satellite tracking of 23 minke whales and 15 killer whales identified consistent feeding aggregations in specific marine regions. Whales concentrated along the continental shelf break and in areas of enhanced krill biomass. Killer whales showed preference for toothfish-rich areas, while minke whales targeted krill swarms. Overlap with fisheries operations suggests need for spatial management to reduce competition for prey resources.",Whale distribution; Satellite tracking; Feeding behavior; Killer whale; Minke whale; Fisheries overlap,7,7: Prey availability effects on predators,Continental shelf/slope (GPZ/SRZ),Tagging/Tracking; Field Sampling; Statistical Analysis,Identified critical whale feeding areas and fisheries interaction zones,Restricted (Protected species data),1,0,1,0,0,0,1,1,0,0,0,GPZ SRZ,88.1,Southwestern Marine Zone,"Continental Shelf Break, Southwestern Marine Area",-76.8 -170.2,"POLYGON ((-76.0 -172.0, -76.0 -168.0, -78.0 -168.0, -78.0 -172.0, -76.0 -172.0))",Restricted data - contact authors,2014,2016,Multi-year,Zone-wide,USA,Complete,NOAA; Marine Mammal Commission,Balaenoptera bonaerensis; Orcinus orca,anderson@noaa.gov,"(i) conserve natural ecological structure | (iii) promote research | (vii) key top predator foraging distributions | (viii) coastal/localized areas of particular ecosystem importance"
SYNTH_0011,SYN_011,Sponge gardens: biodiversity hotspots on the continental shelf,Garcia GH; White IJ; Brown KL,2019,Marine Biology,10.1007/s00227-019-3567-8,Journal article,"ROV surveys documented extensive hexactinellid sponge gardens across 340 km² of Antarctic continental shelf. These three-dimensional structures harbor exceptional biodiversity with over 200 associated species including endemic amphipods, polychaetes, and bryozoans. Sponge gardens create complex habitat supporting 3x higher species richness than surrounding soft sediments. Age estimates suggest some sponge individuals exceed 500 years, highlighting vulnerability to disturbance.",Sponge gardens; Hexactinellid; Biodiversity; Continental shelf; Endemic species; Habitat complexity,21,21: Benthic community structure & function,Continental shelf/slope (GPZ/SRZ),ROV Operations; Field Sampling; Taxonomic Analysis,Documented extensive sponge gardens and associated biodiversity,Public (See article),1,1,1,1,0,0,0,0,0,1,0,GPZ,88.1,Marine Continental Shelf,"Continental Shelf, Marine Zone",-76.5 -175.1,"POLYGON ((-76.0 -176.0, -76.0 -174.0, -77.5 -174.0, -77.5 -176.0, -76.0 -176.0))",See article,2017,2018,Multi-year,Zone-wide,New Zealand,Complete,NIWA,Hexactinellida; Amphipoda; Polychaeta,garcia@niwa.co.nz,"(i) conserve natural ecological structure | (ii) scientific reference areas | (iii) promote research | (iv) representativeness of benthic and pelagic environments | (x) rare or vulnerable marine habitats"
SYNTH_0012,SYN_012,Toothfish spawning migration patterns revealed by satellite tags,Taylor MN; Davis OP; Wilson QR,2020,Marine Ecology Progress Series,10.3354/meps13456,Journal article,"Pop-up satellite archival tags deployed on 31 adult Antarctic toothfish revealed consistent northward spawning migrations to seamount regions. Fish traveled up to 800 km from feeding areas on the continental shelf to spawning grounds near northern seamounts. Migration timing coincided with austral winter months (May-August). Results provide first direct evidence of toothfish life cycle connectivity between shelf and seamount populations.",Antarctic toothfish; Spawning migration; Pop-up tags; Seamounts; Life cycle; Connectivity,28,28: Toothfish spawning migrations,Seamounts/Northern RSR,Tagging/Tracking; Field Sampling; Statistical Analysis,Documented toothfish spawning migrations and seamount connectivity,Restricted (Fisheries sensitive),1,1,1,0,0,0,0,1,1,0,0,GPZ SRZ,88.1,Northern Seamount Zone,"Northern Seamount, Seamount Zone, Continental Shelf",-71.9 -173.8,"POLYGON ((-71.5 -175.0, -71.5 -172.5, -72.5 -172.5, -72.5 -175.0, -71.5 -175.0))",Contact corresponding author,2017,2019,Multi-year,RSRMPA-wide,USA,Complete,NOAA Fisheries,Dissostichus mawsoni,taylor@noaa.gov,"(i) conserve natural ecological structure | (ii) scientific reference areas | (iii) promote research | (viii) coastal/localized areas of particular ecosystem importance | (ix) toothfish life cycle areas"
SYNTH_0013,SYN_013,Macro-algae blooms under fast ice provide critical winter habitat,Peterson ST; Lee UV; Clark WX,2018,Limnology and Oceanography,10.1002/lno.10876,Journal article,"Under-ice macro-algae blooms in Antarctic marine zones create critical winter habitat for invertebrates and fish. Blooms of Himantothallus grandifolius and Phyllophora antarctica cover up to 15% of sub-ice seafloor during winter months. These algal mats support dense communities of amphipods, isopods, and juvenile fish including Antarctic silverfish. Primary production rates under fast ice were 40% higher than previously estimated.",Macro-algae; Under-ice; Fast ice; Winter habitat; Primary production; Marine Sound,15,15: Under-ice & ice shelf habitat importance,Continental shelf/slope (GPZ/SRZ),Field Sampling; ROV Operations; Laboratory Analysis,Quantified under-ice algal production and habitat importance,Public (See article),1,1,1,0,1,1,0,1,0,0,0,GPZ,88.1,Marine Sound Zone,"Marine Sound, Fast Ice",-77.8 -166.6,"POLYGON ((-77.5 -167.5, -77.5 -165.5, -78.2 -165.5, -78.2 -167.5, -77.5 -167.5))",See article,2015,2017,Multi-year,Zone-wide,USA,Complete,NSF; ANT,Himantothallus grandifolius; Phyllophora antarctica,peterson@usap.gov,"(i) conserve natural ecological structure | (ii) scientific reference areas | (iii) promote research | (vi) trophically dominant pelagic prey species | (viii) coastal/localized areas of particular ecosystem importance"
SYNTH_0014,SYN_014,Emperor penguin colony dynamics in response to sea ice variability,Johnson YZ; Garcia AB; Smith CD,2019,Ecology,10.1002/ecy.2788,Journal article,"Multi-year monitoring of emperor penguin colonies at three Antarctic sites reveals strong responses to sea ice timing and extent. Colony size varied by up to 45% between years depending on fast ice formation dates. Early ice breakup (<November 15) resulted in 30% lower breeding success. Satellite imagery analysis identified 2 previously unknown small colonies and confirmed abandonment of 1 historical site due to changing ice conditions.",Emperor penguin; Colony dynamics; Sea ice; Breeding success; Remote sensing; Antarctica,17,17: Seal & penguin foraging movements,Continental shelf/slope (GPZ/SRZ),Remote Sensing; Field Sampling; Long-term Monitoring,Quantified emperor penguin responses to sea ice variability,Public (See article),1,1,1,0,0,0,1,1,0,0,1,GPZ,88.1,Southwestern Marine Zone,"Southern Peninsula, Southwestern Marine Area, Sea Ice",-76.2 -158.1,"POLYGON ((-75.8 -159.0, -75.8 -157.0, -76.8 -157.0, -76.8 -159.0, -75.8 -159.0))",See article,2012,2018,Multi-year,Zone-wide,France,Complete,IPEV; ANR,Aptenodytes forsteri,johnson@ipev.fr,"(i) conserve natural ecological structure | (ii) scientific reference areas | (iii) promote research | (vii) key top predator foraging distributions | (viii) coastal/localized areas of particular ecosystem importance | (xi) climate change reference"
SYNTH_0015,SYN_015,Phytoplankton community succession in Antarctic seasonal cycles,Anderson EF; Taylor GH; Wilson IJ,2017,Journal of Marine Systems,10.1016/j.jmarsys.2017.03.008,Journal article,"Monthly sampling throughout the austral summer revealed distinct phytoplankton succession patterns in Antarctic marine waters. Early season communities were dominated by Phaeocystis antarctica, followed by diatom blooms (primarily Fragilariopsis species) in mid-summer. Late season assemblages showed increased mixotrophy and nanoflagellate abundance. Succession patterns varied between polynya and ice-edge environments, with implications for food web structure and carbon export.",Phytoplankton; Community succession; Seasonal cycle; Diatoms; Phaeocystis; Antarctic,13,13: Trophic productivity at ice edges,Continental shelf/slope (GPZ/SRZ),Field Sampling; Laboratory Analysis; Microscopy,Characterized seasonal phytoplankton succession patterns,Public (See article),1,0,1,0,1,1,0,1,0,0,0,GPZ,88.1,Marine Polynya Zone,"Marine Polynya, Central Marine Zone",-75.4 -174.2,"POLYGON ((-75.0 -176.0, -75.0 -172.0, -76.0 -172.0, -76.0 -176.0, -75.0 -176.0))",See article,2014,2016,Multi-year,Zone-wide,Italy,Complete,PNRA,Phaeocystis antarctica; Fragilariopsis curta,anderson@ogs.trieste.it,"(i) conserve natural ecological structure | (iii) promote research | (v) large-scale ecosystem processes/areas | (vi) trophically dominant pelagic prey species | (viii) coastal/localized areas of particular ecosystem importance"
SYNTH_0016,SYN_016,Deep-sea fish communities on the Antarctic continental slope,Brown KL; Davis MN; Kim OP,2021,Deep Sea Research Part I,10.1016/j.dsr.2021.103445,Journal article,"Trawl surveys along the Antarctic continental slope (400-1500m depth) documented diverse deep-sea fish assemblages including 34 species across 15 families. Nototheniids dominated shallow slope communities while liparids increased in abundance with depth. Three potentially new species were collected including one Paraliparis and two Careproctus. Community structure showed distinct depth zonation patterns related to water mass characteristics and food availability.",Deep-sea fish; Continental slope; Nototheniidae; Liparidae; Depth zonation; Antarctic,18,18: Demersal fish community ecology,Continental shelf/slope (GPZ/SRZ),Field Sampling; Trawling; Taxonomic Analysis,Characterized deep-sea fish communities and depth distribution patterns,Public (See article),1,1,1,1,0,0,0,0,0,0,0,GPZ,88.1,Marine Continental Slope,"Continental Slope, Marine Zone",-77.2 -175.8,"POLYGON ((-76.8 -177.0, -76.8 -174.5, -78.0 -174.5, -78.0 -177.0, -76.8 -177.0))",See article,2018,2020,Multi-year,Zone-wide,New Zealand,Complete,NIWA; Fisheries New Zealand,Nototheniidae; Liparidae; Paraliparis; Careproctus,brown@niwa.co.nz,"(i) conserve natural ecological structure | (ii) scientific reference areas | (iii) promote research | (iv) representativeness of benthic and pelagic environments"
SYNTH_0017,SYN_017,Ice shelf basal melting drives unique marine ecosystems,Chen QR; Lopez ST; Ahmed UV,2020,Nature Geoscience,10.1038/s41561-020-0598-9,Journal article,"ROV exploration beneath Antarctic ice shelves revealed unexpected marine ecosystems supported by basal melting processes. Ice shelf cavities harbor specialized communities including filter-feeding amphipods, bacterial mats, and endemic fish species adapted to near-freezing temperatures and low light conditions. Basal melt rates averaged 0.2 m/year, creating nutrient-rich plumes that support primary production in cavity environments.",Ice shelf; Basal melting; Ice shelf cavity; Endemic species; ROV exploration; Marine ecosystems,15,15: Under-ice & ice shelf habitat importance,Entire RSR,ROV Operations; Ice Measurements; Field Sampling,Discovered unique ice shelf cavity ecosystems and basal melt processes,Public (See article),1,1,1,1,1,0,0,1,0,1,0,GPZ,88.1,Ice Shelf Zone,"Marine Ice Shelf, Ice Shelf Cavity",-81.5 -175.0,"POLYGON ((-81.0 -180.0, -81.0 -170.0, -82.5 -170.0, -82.5 -180.0, -81.0 -180.0))",See article,2017,2019,Multi-year,Zone-wide,USA,Complete,NSF; NASA,Amphipoda; Endemic fish species,chen@stanford.edu,"(i) conserve natural ecological structure | (ii) scientific reference areas | (iii) promote research | (iv) representativeness of benthic and pelagic environments | (v) large-scale ecosystem processes/areas | (viii) coastal/localized areas of particular ecosystem importance | (x) rare or vulnerable marine habitats"
SYNTH_0018,SYN_018,Crabeater seal population recovery following historical exploitation,Wilson WX; Garcia YZ; Taylor AB,2018,Conservation Biology,10.1111/cobi.13124,Journal article,"Aerial surveys and genetic analysis indicate crabeater seal populations in Antarctic marine areas have recovered to pre-exploitation levels following cessation of sealing activities in the 1960s. Current population estimates suggest 45000-60000 individuals within MPA boundaries. Genetic diversity remains high with no evidence of bottleneck effects. Population growth rates averaged 3.2% annually from 1990-2015, demonstrating successful conservation outcomes.",Crabeater seal; Population recovery; Conservation; Aerial surveys; Genetic diversity; Historical exploitation,7,7: Prey availability effects on predators,Continental shelf/slope (GPZ/SRZ),Aerial Surveys; Genomic/Molecular; Statistical Analysis,Documented population recovery and conservation success,Public (See article),1,0,1,0,0,0,1,0,0,0,0,GPZ,88.1,Western Marine Zone,"Western Marine Area, Pack Ice",-75.9 -170.8,"POLYGON ((-75.5 -172.0, -75.5 -169.5, -76.5 -169.5, -76.5 -172.0, -75.5 -172.0))",See article,1990,2017,Decadal,RSRMPA-wide,Multiple,Complete,National programs,Lobodon carcinophaga,wilson@aad.gov.au,"(i) conserve natural ecological structure | (iii) promote research | (vii) key top predator foraging distributions"
SYNTH_0019,SYN_019,Antarctic Islands: refugia for endemic marine invertebrates,Peterson CD; Lee EF; Anderson GH,2019,Journal of Biogeography,10.1111/jbi.13678,Journal article,"Comprehensive taxonomic surveys of remote Antarctic islands marine invertebrates revealed exceptional endemism with 23% of species found nowhere else. These remote islands serve as refugia for ancient lineages including primitive hexactinellid sponges and unique echinoderm taxa. Phylogenetic analysis suggests long-term isolation has driven speciation. The islands represent critical biodiversity conservation priorities within marine protected area frameworks.",Antarctic Islands; Endemism; Marine invertebrates; Refugia; Biodiversity; Phylogenetics,26,26: Endemic benthos on remote islands,Remote Islands,Field Sampling; Taxonomic Analysis; Phylogenetic Analysis,Documented exceptional endemism and refugia significance,Public (See article),1,1,1,1,0,0,0,0,0,1,0,GPZ,88.1,Remote Island Zone,"Remote Antarctic Islands, Island Marine Zone",-69.2 -163.7,"POLYGON ((-68.8 -164.5, -68.8 -162.8, -69.8 -162.8, -69.8 -164.5, -68.8 -164.5))",See article,2016,2018,Multi-year,Zone-wide,Multiple,Complete,International programs,Hexactinellida; Echinodermata,peterson@university.edu,"(i) conserve natural ecological structure | (ii) scientific reference areas | (iii) promote research | (iv) representativeness of benthic and pelagic environments | (x) rare or vulnerable marine habitats"
SYNTH_0020,SYN_020,Marine mammal acoustic behavior in Antarctic waters,Roberts EF; Zhang GH; Martinez IJ,2019,The Journal of the Acoustical Society of America,10.1121/1.5089891,Journal article,"Passive acoustic monitoring of marine mammals in Antarctic waters from 2016-2018 revealed distinct seasonal patterns in call production and behavior. Leopard seals showed increased vocal activity during breeding season (November-February) with 67% of calls recorded during this period. Minke whale calls peaked during feeding season coinciding with krill abundance. Results provide baseline data for long-term acoustic monitoring programs in marine protected areas.",Marine mammals; Acoustic monitoring; Leopard seal; Minke whale; Seasonal behavior; Antarctica,14,14: Marine mammal acoustic behavior,Continental shelf/slope (GPZ/SRZ),Acoustic Methods; Long-term Monitoring; Statistical Analysis,Established baseline acoustic behavior patterns for marine mammals,Public (Acoustic database),1,0,1,0,0,0,1,1,0,0,0,GPZ,88.1,Marine Acoustic Monitoring Zone,"Marine Sound, Acoustic Monitoring Area",-76.3 -169.4,"POLYGON ((-76.0 -170.5, -76.0 -168.2, -77.0 -168.2, -77.0 -170.5, -76.0 -170.5))",Acoustic database available,2016,2018,Multi-year,Zone-wide,Australia,Complete,Australian Research Council,Hydrurga leptonyx; Balaenoptera bonaerensis,roberts@aad.gov.au,"(i) conserve natural ecological structure | (iii) promote research | (vii) key top predator foraging distributions | (viii) coastal/localized areas of particular ecosystem importance"
SYNTH_0021,SYN_021,Sediment transport and deposition patterns in Antarctic fjords,Kim JK; Thompson LM; Davis NO,2020,Marine Geology,10.1016/j.margeo.2020.106234,Journal article,"Multi-beam sonar mapping and sediment core analysis in Antarctic fjords revealed complex patterns of glacial sediment transport and deposition. Fjord systems show distinct zones of erosion, transport, and deposition related to glacial meltwater discharge and tidal currents. Sedimentation rates varied from 0.5-15 mm/year with highest rates near glacier termini. These findings provide insights into ice-ocean interactions and climate change impacts on coastal environments.",Sediment transport; Antarctic fjords; Glacial processes; Marine geology; Climate change; Coastal environments,9,9: Glacial sediment & habitat interactions,Continental shelf/slope (GPZ/SRZ),Acoustic Methods; Field Sampling; Laboratory Analysis,Characterized sediment transport patterns and glacial-marine interactions,Public (See article),0,1,1,0,1,0,0,0,0,0,1,GPZ,88.1,Fjord Research Zone,"Antarctic Fjords, Coastal Zone",-77.1 -164.8,"POLYGON ((-76.8 -166.0, -76.8 -163.5, -77.5 -163.5, -77.5 -166.0, -76.8 -166.0))",See article,2017,2019,Multi-year,Zone-wide,South Korea,Complete,Korean Polar Research Institute,Physical/Chemical study - no species focus,kim@kopri.re.kr,"(ii) scientific reference areas | (iii) promote research | (v) large-scale ecosystem processes/areas | (xi) climate change reference"
SYNTH_0022,SYN_022,Antifreeze protein evolution in Antarctic notothenioid fish,Patel PQ; Clarke RS; Evans TU,2018,Molecular Biology and Evolution,10.1093/molbev/msy156,Journal article,"Comparative genomic analysis of 45 Antarctic notothenioid fish species revealed rapid evolution of antifreeze glycoprotein (AFGP) genes following Antarctic glaciation. Phylogenetic reconstruction shows AFGP gene duplications occurred 15-20 million years ago, coinciding with Antarctic ice sheet formation. Gene expression analysis demonstrated tissue-specific regulation with highest expression in liver and blood. Results provide insights into adaptive evolution in extreme environments.",Antifreeze proteins; Notothenioid fish; Antarctic evolution; Genomics; Adaptive evolution; Extreme environments,19,19: Antarctic fish evolutionary adaptations,Continental shelf/slope (GPZ/SRZ),Genomic/Molecular; Phylogenetic Analysis; Laboratory Analysis,Elucidated evolutionary history and mechanisms of antifreeze protein adaptation,Public (GenBank),1,0,1,1,0,0,0,0,0,0,0,GPZ,88.1,Marine Fish Research Zone,"Continental Shelf, Marine Research Zone",-76.7 -171.2,"POLYGON ((-76.4 -172.5, -76.4 -170.0, -77.2 -170.0, -77.2 -172.5, -76.4 -172.5))",GenBank accession numbers provided,2015,2017,Multi-year,Zone-wide,Canada,Complete,Natural Sciences and Engineering Research Council,Notothenioidei,patel@ubc.ca,"(i) conserve natural ecological structure | (iii) promote research | (iv) representativeness of benthic and pelagic environments"
SYNTH_0023,SYN_023,Viral diversity and dynamics in Antarctic marine microbial communities,Brown VW; Anderson XY; Wilson ZA,2021,Environmental Microbiology,10.1111/1462-2920.15387,Journal article,"Metagenomic analysis of Antarctic marine waters revealed exceptional viral diversity with over 500 novel viral operational taxonomic units (vOTUs). Seasonal sampling showed strong correlations between viral abundance and bacterial production, with peak viral activity during summer phytoplankton blooms. Viral-mediated nutrient cycling contributed significantly to marine food webs. Novel cold-adapted viral mechanisms were identified with potential biotechnology applications.",Viral diversity; Marine microbiology; Metagenomics; Antarctic; Viral ecology; Biotechnology,3,3: Functional ecology processes,Continental shelf/slope (GPZ/SRZ),Genomic/Molecular; Field Sampling; Laboratory Analysis,Characterized viral diversity and ecological roles in Antarctic marine systems,Public (Sequence databases),1,0,1,1,1,0,0,1,0,0,0,GPZ,88.1,Marine Microbial Research Zone,"Marine Waters, Microbial Research Area",-75.6 -173.9,"POLYGON ((-75.3 -175.0, -75.3 -172.8, -76.0 -172.8, -76.0 -175.0, -75.3 -175.0))",Sequence database accessions provided,2018,2020,Multi-year,Zone-wide,UK,Complete,Natural Environment Research Council,Viral communities,brown@bas.ac.uk,"(i) conserve natural ecological structure | (iii) promote research | (iv) representativeness of benthic and pelagic environments | (v) large-scale ecosystem processes/areas"
SYNTH_0024,SYN_024,Bioluminescence patterns in Antarctic deep-sea organisms,Garcia BC; Taylor DE; Kim FG,2019,Journal of Experimental Marine Biology and Ecology,10.1016/j.jembe.2019.05.012,Journal article,"In-situ observations using deep-sea cameras documented bioluminescence in 78% of observed deep-sea organisms in Antarctic waters (depth 500-2000m). Bioluminescent displays varied among taxa, with cnidarians showing the highest diversity of light patterns. Temporal analysis revealed increased bioluminescent activity during dark winter months. Novel bioluminescent compounds were isolated from three species with potential biomedical applications.",Bioluminescence; Deep-sea; Antarctic; Marine organisms; Biochemistry; Photobiology,20,20: Deep-sea bioluminescence ecology,Continental shelf/slope (GPZ/SRZ),ROV Operations; Field Sampling; Laboratory Analysis,Documented bioluminescence patterns and biochemical mechanisms,Public (See article),1,0,1,1,0,0,0,0,0,0,0,GPZ,88.1,Deep-sea Research Zone,"Deep-sea Environment, Research Zone",-77.4 -176.3,"POLYGON ((-77.1 -177.5, -77.1 -175.0, -78.0 -175.0, -78.0 -177.5, -77.1 -177.5))",See article,2016,2018,Multi-year,Zone-wide,Japan,Complete,Japan Society for the Promotion of Science,Cnidaria; Deep-sea organisms,garcia@jamstec.go.jp,"(i) conserve natural ecological structure | (iii) promote research | (iv) representativeness of benthic and pelagic environments"
SYNTH_0025,SYN_025,Carbonate chemistry and calcification in Antarctic marine ecosystems,Lopez HI; Davis JK; Martinez LM,2020,Biogeosciences,10.5194/bg-17-4567-2020,Journal article,"Five-year monitoring of carbonate chemistry parameters across Antarctic marine ecosystems revealed significant spatial and temporal variability in ocean acidification indicators. pH values ranged from 7.8-8.2 with lowest values in deep waters and coastal regions with high freshwater input. Calcifying organisms showed reduced shell formation rates when pH dropped below 7.9. Results indicate vulnerability of Antarctic calcifiers to ongoing ocean acidification.",Ocean acidification; Carbonate chemistry; Calcification; Antarctic; Marine chemistry; Climate change,5,5: Ocean acidification impacts on calcifiers,Continental shelf/slope (GPZ/SRZ),Biogeochemical; Field Sampling; Laboratory Analysis,Quantified ocean acidification impacts on Antarctic marine calcifiers,Public (Data repository),1,0,1,0,1,0,0,0,0,0,1,GPZ,88.1,Marine Chemistry Monitoring Zone,"Marine Waters, Chemistry Monitoring Area",-76.1 -167.7,"POLYGON ((-75.8 -169.0, -75.8 -166.4, -76.6 -166.4, -76.6 -169.0, -75.8 -169.0))",Data repository link provided,2014,2019,Multi-year,Zone-wide,Germany,Complete,Alfred Wegener Institute,Calcifying organisms,lopez@awi.de,"(i) conserve natural ecological structure | (iii) promote research | (v) large-scale ecosystem processes/areas | (xi) climate change reference"
SYNTH_0026,SYN_026,Seasonal migration patterns of Antarctic seabirds,Chen NP; Wilson QR; Anderson ST,2018,Polar Biology,10.1007/s00300-018-2345-6,Journal article,"GPS tracking of 156 Antarctic seabirds across 8 species revealed complex seasonal migration patterns extending thousands of kilometers from breeding colonies. Adelie penguins showed consistent northward migration to pack ice regions during winter, while skuas exhibited more variable movement patterns. Migration timing was correlated with sea ice extent and prey availability. Results provide critical data for marine spatial planning and conservation efforts.",Antarctic seabirds; Migration; GPS tracking; Seasonal movement; Conservation; Marine spatial planning,16,16: Seabird migration & distribution patterns,Continental shelf/slope (GPZ/SRZ),Tagging/Tracking; Remote Sensing; Statistical Analysis,Characterized seasonal migration patterns and conservation implications,Public (Movement database),1,0,1,0,0,0,1,1,0,0,0,GPZ,88.1,Seabird Migration Zone,"Breeding Colonies, Migration Routes",-74.8 -162.5,"POLYGON ((-74.5 -164.0, -74.5 -161.0, -75.5 -161.0, -75.5 -164.0, -74.5 -164.0))",Movement database available,2014,2017,Multi-year,RSRMPA-wide,Chile,Complete,Chilean Antarctic Institute,Pygoscelis adeliae; Stercorarius spp.,chen@inach.cl,"(i) conserve natural ecological structure | (iii) promote research | (vii) key top predator foraging distributions | (viii) coastal/localized areas of particular ecosystem importance"
SYNTH_0027,SYN_027,Trophic cascades in Antarctic marine food webs,Taylor UV; Kim WX; Roberts YZ,2019,Ecological Monographs,10.1002/ecm.1367,Journal article,"Long-term analysis of Antarctic marine food web data (1990-2017) revealed evidence of trophic cascades following changes in top predator abundance. Reductions in leopard seal populations correlated with increases in krill-feeding fish abundance, which subsequently affected phytoplankton communities. Network analysis identified key species with disproportionate influence on food web stability. Results highlight the importance of top predators in maintaining ecosystem structure.",Trophic cascades; Food webs; Antarctic marine ecology; Top predators; Ecosystem stability; Network analysis,22,22: Trophic cascade effects,Continental shelf/slope (GPZ/SRZ),Statistical Analysis; Long-term Monitoring; Modeling,Demonstrated trophic cascade effects and ecosystem connectivity,Public (See article),1,0,1,0,1,1,1,1,0,0,0,GPZ,88.1,Marine Food Web Research Zone,"Marine Ecosystem, Food Web Research Area",-76.0 -174.6,"POLYGON ((-75.7 -176.0, -75.7 -173.2, -76.5 -173.2, -76.5 -176.0, -75.7 -176.0))",See article,1990,2017,Decadal,Zone-wide,Argentina,Complete,Argentine Antarctic Institute,Hydrurga leptonyx; Multiple trophic levels,taylor@dna.gov.ar,"(i) conserve natural ecological structure | (iii) promote research | (v) large-scale ecosystem processes/areas | (vii) key top predator foraging distributions"
SYNTH_0028,SYN_028,Microplastic pollution in Antarctic marine environments,Anderson AB; Garcia CD; Wilson EF,2021,Marine Pollution Bulletin,10.1016/j.marpolbul.2021.112345,Journal article,"Comprehensive sampling across Antarctic marine environments detected microplastics in 89% of water samples and 67% of sediment samples. Concentrations were highest near research stations and shipping routes. Marine organisms showed evidence of microplastic ingestion, with highest levels in filter-feeding species. Polymer analysis revealed polyethylene and polypropylene as dominant plastic types. Results indicate widespread microplastic contamination even in remote Antarctic regions.",Microplastics; Marine pollution; Antarctic; Contamination; Marine organisms; Environmental impact,23,23: Pollution impacts on marine life,Continental shelf/slope (GPZ/SRZ),Field Sampling; Laboratory Analysis; Chemical Analysis,Documented widespread microplastic contamination and biological impacts,Public (See article),1,0,1,0,0,0,0,1,0,0,1,GPZ,88.1,Marine Pollution Monitoring Zone,"Research Stations, Shipping Routes, Marine Waters",-75.2 -168.1,"POLYGON ((-74.9 -169.5, -74.9 -166.7, -75.7 -166.7, -75.7 -169.5, -74.9 -169.5))",See article,2018,2020,Multi-year,Zone-wide,Netherlands,Complete,Netherlands Polar Programme,Multiple marine species,anderson@nioz.nl,"(i) conserve natural ecological structure | (iii) promote research | (viii) coastal/localized areas of particular ecosystem importance | (xi) climate change reference"
SYNTH_0029,SYN_029,Reproductive success of Antarctic fish under warming scenarios,Brown GH; Davis IJ; Taylor KL,2020,Global Change Biology,10.1111/gcb.15123,Journal article,"Laboratory and field studies examined reproductive success of key Antarctic fish species under projected warming scenarios (+1°C, +2°C, +3°C). Egg survival decreased significantly at temperatures above 2°C warming for most species. Notothenia coriiceps showed greatest thermal tolerance while Trematomus bernacchii was most sensitive. Spawning timing shifted earlier by 2-3 weeks under warming conditions. Results suggest differential species responses to climate change with implications for community structure.",Antarctic fish; Climate change; Reproductive success; Temperature tolerance; Spawning; Community structure,24,24: Climate change impacts on fish reproduction,Continental shelf/slope (GPZ/SRZ),Experimental; Laboratory Analysis; Field Sampling,Assessed climate change impacts on fish reproductive success,Public (See article),1,0,1,0,1,0,0,0,0,0,1,GPZ,88.1,Fish Climate Research Zone,"Marine Waters, Climate Research Area",-76.8 -172.1,"POLYGON ((-76.5 -173.5, -76.5 -170.7, -77.3 -170.7, -77.3 -173.5, -76.5 -173.5))",See article,2017,2019,Multi-year,Zone-wide,Norway,Complete,Research Council of Norway,Notothenia coriiceps; Trematomus bernacchii,brown@unis.no,"(i) conserve natural ecological structure | (iii) promote research | (v) large-scale ecosystem processes/areas | (xi) climate change reference"
SYNTH_0030,SYN_030,Ecosystem services provided by Antarctic marine protected areas,Peterson MN; Lopez OP; Kim QR,2021,Ecosystem Services,10.1016/j.ecoser.2021.101234,Journal article,"Economic valuation of ecosystem services provided by Antarctic marine protected areas estimated total value at $145-287 billion annually. Carbon sequestration represented the largest service ($89-156 billion), followed by climate regulation ($34-78 billion) and scientific research value ($15-32 billion). Biodiversity conservation and fisheries protection provided additional benefits. Cost-benefit analysis strongly supports continued protection and expansion of marine protected areas in Antarctic regions.",Ecosystem services; Marine protected areas; Economic valuation; Antarctic; Conservation; Carbon sequestration,25,25: Economic value of marine protection,Entire RSR,Modeling; Statistical Analysis; Economic Analysis,Quantified economic value of Antarctic marine ecosystem services,Public (See article),1,1,1,1,1,1,1,1,1,1,1,GPZ KRZ SRZ,88.1,Antarctic Marine Protected Area Zone,"Marine Protected Areas, Antarctic Region",-75.0 -175.0,"POLYGON ((-74.0 -180.0, -74.0 -170.0, -78.0 -170.0, -78.0 -180.0, -74.0 -180.0))",See article,2018,2020,Multi-year,RSRMPA-wide,International,Complete,International Antarctic Treaty,Marine ecosystem services,peterson@antarctica-treaty.org,"(i) conserve natural ecological structure | (ii) scientific reference areas | (iii) promote research | (iv) representativeness of benthic and pelagic environments | (v) large-scale ecosystem processes/areas | (vi) trophically dominant pelagic prey species | (vii) key top predator foraging distributions | (viii) coastal/localized areas of particular ecosystem importance | (ix) toothfish life cycle areas | (x) rare or vulnerable marine habitats | (xi) climate change reference"
